vertex,pagerank
I,0.11469419
D,0.11322238
A,0.11190014
C,0.11071013
E,0.10963912
F,0.10867521
J,0.10780768
B,0.10702692
H,0.10632422
G,0.01
