vertex,pagerank
B,0.14368042
A,0.13177012
E,0.12163117
C,0.11300014
J,0.10565277
I,0.09939814
H,0.09407373
G,0.06359784
D,0.06359784
F,0.06359784
